id,name,manufacturer_s_details,date,price
9da79ab5-284a-49a3-a58a-ec038f0b7cfc,lobortis sapien,9c89a246-f3f1-4368-830b-11968992d584,1995-05-26,1175
8f917d93-1a67-42fa-9f28-c02bc120a729,nulla,7d99c7b2-2a88-4b9b-93a1-450cfecd6710,2008-02-03,216
10f7ae52-fd4c-45cb-b86c-52c311b0a836,magna at nunc commodo,544c33e5-3e3e-4c00-9369-b2cb67948239,2002-10-23,1809
6553ff73-4b4f-4355-80f4-303987ff0d1d,quam sollicitudin vitae,dfd2ba9d-eb69-4347-aaf1-f31a003f2c9c,1996-04-13,83
d3d946e1-932f-43b5-896e-360d1c804a54,in est risus,284dd46a-6d8a-4d24-90a7-f3ef4e56fa6f,1996-07-13,645
1d02dfe8-fb4a-4455-948f-8ceb5c376f33,turpis adipiscing lorem,100c39c1-e546-44c9-af30-7f0f9659e057,2012-04-08,336
2cd610ec-b3a7-49f1-9d6b-b07b36c15d01,proin eu,9c410195-5c50-4d83-a332-5da44573952b,2001-01-16,1046
9cd3cdf4-1aa0-4d35-85c2-32cdda89262b,odio,7801d116-9d01-45e6-87d0-3c497cbd5b73,1996-04-20,1169
e6aefb0a-d831-425c-89bf-9210c33c1702,etiam,cf0b4eec-a1f9-4256-ba91-1c2267bbeabc,1993-08-30,705
152449a8-d376-4e2c-93aa-7e98d4861645,nibh in quis,cf0b4eec-a1f9-4256-ba91-1c2267bbeabc,2023-05-30,167
718d0cd5-d44a-43e9-bb54-e709615ca878,faucibus cursus urna ut,100c39c1-e546-44c9-af30-7f0f9659e057,1991-07-17,31
30099314-dd9f-43c4-b1f0-c682de2c9715,sagittis nam,cf0b4eec-a1f9-4256-ba91-1c2267bbeabc,2012-07-23,158
2a20c0e5-a15f-4107-a6fc-f03e5b4cdde6,venenatis non sodales sed,88e0c951-fa64-41f8-9b0a-b6a22f1bc3f2,2000-08-23,1838
0b99992d-4302-44a5-94bf-5aa868235cce,lobortis vel dapibus,aec3003c-9b0d-4a4d-94eb-f4fd9bc8766a,2007-01-05,1882
988a2a95-635c-47c4-80b5-4e1846f2be12,volutpat eleifend donec,0377dd7e-3de5-4b8b-a4e8-a299f786cdac,2001-03-06,283
17b8578f-323e-4abe-8ac0-d95af079f744,cubilia curae mauris viverra,9c410195-5c50-4d83-a332-5da44573952b,2006-08-19,835
78d6c352-7961-4979-9eee-dff4a5c2179e,ipsum primis in faucibus,9c89a246-f3f1-4368-830b-11968992d584,2022-01-03,553
11bebd48-ff89-4998-8a1d-ed37d98610cd,venenatis non sodales,544c33e5-3e3e-4c00-9369-b2cb67948239,2015-08-03,1631
cb3d99e8-e64a-4f30-bfac-a4588d72122a,viverra,2de3419f-5500-40ba-a5d9-048c1379a8da,1991-08-26,1651
8937b0c8-fc96-437b-b12e-3836f500eaf9,orci mauris lacinia,cf0b4eec-a1f9-4256-ba91-1c2267bbeabc,2010-05-22,1560
8b8941e7-fe97-4403-8b2a-18a81016b90c,adipiscing elit,100c39c1-e546-44c9-af30-7f0f9659e057,2015-09-28,596
2477af26-6424-4889-81a1-fe2aa19e8663,ac nibh,544c33e5-3e3e-4c00-9369-b2cb67948239,2001-02-01,1353
83a4cbf0-7b6d-42df-9fd1-a207081ddac9,ut erat curabitur gravida,9c89a246-f3f1-4368-830b-11968992d584,2016-12-16,452
490780e7-3aea-4b24-95c2-09a42a0f3151,porttitor id consequat,9c89a246-f3f1-4368-830b-11968992d584,1993-06-22,1638
80da24bc-eed8-446a-a0b8-20b6d4451d14,neque libero,88e0c951-fa64-41f8-9b0a-b6a22f1bc3f2,2000-10-13,292
ed4c16e1-4ab9-407f-96f2-e9282fe2db00,egestas,544c33e5-3e3e-4c00-9369-b2cb67948239,2002-08-18,1855
465b2355-97b9-46c7-b9bd-dbd391f690b8,commodo,9c89a246-f3f1-4368-830b-11968992d584,2008-06-14,1712
c64695f0-d887-42fc-a482-f90e0152f5fc,vivamus vel nulla eget,7d99c7b2-2a88-4b9b-93a1-450cfecd6710,2011-04-01,853
6f25d96a-45a0-4a80-b6a0-56903ee278cc,mus vivamus vestibulum sagittis,dfd2ba9d-eb69-4347-aaf1-f31a003f2c9c,2007-07-03,1625
452b8403-b844-4bc1-bc87-1fb6c6c106ed,justo eu,7801d116-9d01-45e6-87d0-3c497cbd5b73,2016-01-24,1272
29919451-7ce4-4cdf-a169-095656e3ac01,lorem,48bae11f-08b3-45c9-b673-e754059e42d8,1993-04-01,830
a513ec96-0b4a-4227-8201-f5589a33cd67,volutpat in congue,100c39c1-e546-44c9-af30-7f0f9659e057,2012-06-19,770
7af17dce-5ded-42fa-8c26-f8f396347fbe,morbi porttitor,,1993-04-26,1659
91332318-4d78-47b3-8260-2ece0f7bb1f2,ut nulla sed,9c89a246-f3f1-4368-830b-11968992d584,2007-09-08,460
fff02efb-4931-41d3-acbe-f154b01a7b67,ut volutpat sapien arcu,1b06f6f0-b85a-4d7d-8a73-9ff72cd22655,2015-09-21,1408
88426b57-4f13-44bd-b03e-9d078202cd9a,eget,284dd46a-6d8a-4d24-90a7-f3ef4e56fa6f,2011-03-27,527
22ee24f6-7327-4ee5-8be7-1b2e3bc78e51,posuere cubilia,dfd2ba9d-eb69-4347-aaf1-f31a003f2c9c,2016-11-18,1415
361b6a4b-4052-4400-bffe-6a01943549e1,leo rhoncus sed,100c39c1-e546-44c9-af30-7f0f9659e057,1991-07-01,1692
3c4fc24a-4d89-4cb0-8ef7-f4cde350955a,nulla sed,0d37ea9d-fc38-427e-9edf-4b8e42f98cf6,2000-10-29,1683
1c9fc02d-6423-4e26-9d36-73f76b9ef7c4,sapien quis libero nullam,cf0b4eec-a1f9-4256-ba91-1c2267bbeabc,2015-03-12,1064
99d1ba7e-c4ce-4bf7-9ad9-463dc27eb789,sapien in sapien,88e0c951-fa64-41f8-9b0a-b6a22f1bc3f2,2004-07-15,752
52e62738-4996-4fbf-b1e5-860cf9b47930,dui,46e9b9c1-6e07-411d-b4d6-be3f80b4c0b0,1993-03-12,1149
9580f0c1-1b89-449e-8a76-d20862817cb8,amet sapien dignissim,7fcc8e07-1d9b-461c-9206-46e6a452e9a8,2016-11-23,1551
96d98393-7c21-4ba3-9eda-59a2a0daf6df,vel lectus in,cf0b4eec-a1f9-4256-ba91-1c2267bbeabc,1995-03-21,1482
2ff58b11-80ee-40c5-935b-7c5642983b22,cras non velit,31f336e5-11e9-4821-ae96-1d8e0c71ebfc,2001-08-10,1605
5e8c5a36-6fe5-4186-9b1f-f4f7d3353bde,rhoncus aliquet pulvinar sed,7d99c7b2-2a88-4b9b-93a1-450cfecd6710,2017-05-19,1839
13569841-8bf9-46bb-9e20-fb0e4a8c3dbb,eros elementum pellentesque,0d37ea9d-fc38-427e-9edf-4b8e42f98cf6,2005-10-16,939
d57beee6-4395-43fa-8562-8f8f166caa33,id luctus nec molestie,aec3003c-9b0d-4a4d-94eb-f4fd9bc8766a,2008-10-29,1991
bc2ff290-3a06-4fa2-a351-7b289d971a96,nulla,dfd2ba9d-eb69-4347-aaf1-f31a003f2c9c,2023-06-07,314
d153b0db-ca36-40c7-8259-170c9d3b1f11,porttitor lorem,aec3003c-9b0d-4a4d-94eb-f4fd9bc8766a,2011-10-08,1283
4ec9df3c-2917-49cd-9e9c-ad3dac5d6197,lacinia,100c39c1-e546-44c9-af30-7f0f9659e057,2006-03-28,874
5460f5de-403e-46dd-a41d-2b878d2fcee4,ac tellus semper,284dd46a-6d8a-4d24-90a7-f3ef4e56fa6f,2001-03-01,605
821f5e8d-abf9-4b09-878d-750bb4204658,porttitor lorem id ligula,100c39c1-e546-44c9-af30-7f0f9659e057,2014-11-03,1014
fd2204cc-1f52-4da5-8b02-d1d84c27f3da,vitae mattis nibh,7fcc8e07-1d9b-461c-9206-46e6a452e9a8,2007-06-25,978
518aac5a-a64a-43e8-8966-295d91645326,ipsum primis in,48bae11f-08b3-45c9-b673-e754059e42d8,2014-10-04,1715
bf414ddd-8ee6-45fc-b3e8-2e7aabbca6c7,vitae,0377dd7e-3de5-4b8b-a4e8-a299f786cdac,2021-10-09,1597
3a708fb1-76e9-4c4e-bf2b-ac37ec82166d,gravida,2de3419f-5500-40ba-a5d9-048c1379a8da,2012-03-27,1876
147f3563-7ef2-4d30-a4b9-b2d006f8116f,et,,1997-03-07,909
94ad9b38-4a29-4592-bc7d-8fe712403e4d,cursus urna,,2008-06-19,286
ef7fbf72-5b57-4952-ad58-184e0fef6e19,quam suspendisse potenti,6528ef3f-29a7-45f7-ad06-b8f4d3036f93,1996-03-11,444
82b0d7cb-9514-4b71-b317-3715073af6e8,morbi quis,0d37ea9d-fc38-427e-9edf-4b8e42f98cf6,1992-08-12,227
1348ba56-63c1-4dbb-a4f2-456a3025a49d,justo eu massa donec,48bae11f-08b3-45c9-b673-e754059e42d8,2001-01-16,117
a49be6bb-40a7-4d47-8fb3-784e2854cb48,odio consequat varius integer,6528ef3f-29a7-45f7-ad06-b8f4d3036f93,1995-11-05,231
11475951-c4e2-4894-bfcd-f4830c4c726e,est phasellus,2de3419f-5500-40ba-a5d9-048c1379a8da,2017-04-28,1341
9b015ebe-dce7-4430-978c-ad001a01f1b9,mi sit amet lobortis,aec3003c-9b0d-4a4d-94eb-f4fd9bc8766a,2005-03-15,152
0396bfac-b675-4315-aaa5-26c210fb44b3,odio,284dd46a-6d8a-4d24-90a7-f3ef4e56fa6f,1993-12-22,68
225012ab-9f8f-42d8-b2cc-4a982ee9792f,ligula in,7801d116-9d01-45e6-87d0-3c497cbd5b73,2015-06-08,1306
32dc205f-2c48-4a70-a658-8b98f5c4a1ae,duis faucibus accumsan odio,46e9b9c1-6e07-411d-b4d6-be3f80b4c0b0,2021-04-21,898
94bfa6ba-c38f-4849-be9c-db54c7e2a616,felis ut at,7801d116-9d01-45e6-87d0-3c497cbd5b73,2018-05-09,442
9e390071-9dc0-44b7-940e-f79d19982bd2,tristique in tempus sit,284dd46a-6d8a-4d24-90a7-f3ef4e56fa6f,2008-12-22,104
900cc543-f5f7-4c97-a6f1-313e06d02d06,porta,46e9b9c1-6e07-411d-b4d6-be3f80b4c0b0,1999-09-16,1555
65333f19-4a7f-4d92-b479-6d1b22376c4d,volutpat,0d37ea9d-fc38-427e-9edf-4b8e42f98cf6,2000-12-10,175
5caa1e70-74aa-404a-91b5-5639d91b218c,vitae consectetuer eget rutrum,6528ef3f-29a7-45f7-ad06-b8f4d3036f93,1998-05-13,1416
436bb1b0-d553-4644-8823-d806f009abe2,nascetur ridiculus,9c89a246-f3f1-4368-830b-11968992d584,1998-12-30,95
34cddd6f-2171-4169-ba00-60fcb7e3f3a0,cum,31f336e5-11e9-4821-ae96-1d8e0c71ebfc,1999-04-13,493
9373f049-eb61-4d08-ab5b-0d303b828e6d,nulla facilisi cras,88e0c951-fa64-41f8-9b0a-b6a22f1bc3f2,2010-12-24,933
48a41cc5-5355-4f1c-8a32-8843cb4a0d39,aenean sit amet,1b06f6f0-b85a-4d7d-8a73-9ff72cd22655,2007-10-08,1680
864aaf0c-7b13-4494-9c7b-cf4e6af01fd7,sit amet,0377dd7e-3de5-4b8b-a4e8-a299f786cdac,2012-12-14,625
b015c42a-d123-4489-b008-6aba90acfc62,eu est,7801d116-9d01-45e6-87d0-3c497cbd5b73,2010-08-31,914
4ff7b4e7-5ab9-4cf7-a564-673bd7728c79,elit proin,6528ef3f-29a7-45f7-ad06-b8f4d3036f93,1998-02-11,487
24662d60-0c44-417b-851a-49be2a67c36a,feugiat non,0377dd7e-3de5-4b8b-a4e8-a299f786cdac,2005-07-16,652
ebc5aa5c-022e-416c-ab13-e6374e6ae684,posuere cubilia curae,,2016-04-04,934
6cc85522-7cee-41ac-ad50-341b96cdc8c8,tristique,6528ef3f-29a7-45f7-ad06-b8f4d3036f93,2021-03-13,1558
91721b3e-8177-4e92-9e24-c1e6bf9528c2,dapibus nulla suscipit,544c33e5-3e3e-4c00-9369-b2cb67948239,2009-06-01,392
cb6c5352-37b3-4493-960a-b0afe6d486cd,justo morbi ut odio,7fcc8e07-1d9b-461c-9206-46e6a452e9a8,2020-02-15,1357
36c63824-0a66-41e2-9875-9a36ec14c88d,vestibulum ante ipsum,cf0b4eec-a1f9-4256-ba91-1c2267bbeabc,2018-10-23,202
d246adb0-de3d-4c4e-afc0-c180fa3bb265,vitae quam suspendisse potenti,88e0c951-fa64-41f8-9b0a-b6a22f1bc3f2,2012-06-05,1935
e83f83df-189a-4dd4-8662-bb9f48ff9a97,auctor sed,100c39c1-e546-44c9-af30-7f0f9659e057,2016-11-16,246
e1f45f23-941a-402a-b74e-a8835f781007,viverra dapibus nulla suscipit,9c410195-5c50-4d83-a332-5da44573952b,1999-01-24,885
ed29e652-0812-44cb-895f-4d28d0328009,scelerisque,7fcc8e07-1d9b-461c-9206-46e6a452e9a8,2019-03-08,1468
9cce2d87-b7fa-419c-8a9d-7d5662dc4486,gravida nisi at nibh,544c33e5-3e3e-4c00-9369-b2cb67948239,2022-03-10,1184
5956aefe-45d8-439c-93b4-83ae17c89e45,auctor,48bae11f-08b3-45c9-b673-e754059e42d8,2019-02-11,11
fb6d4594-5fbb-4fee-b5ec-661d72f19ab7,ante ipsum primis,100c39c1-e546-44c9-af30-7f0f9659e057,1994-10-01,1570
89661784-8001-48bf-8d28-dee1fa89a470,vivamus in felis,6528ef3f-29a7-45f7-ad06-b8f4d3036f93,1998-03-05,16
7f7805d5-fd2c-4e1a-9d82-14276f0a55c9,erat,,1996-04-02,1617
784f6f86-0751-408e-a68f-23d0a3e67be2,sit amet,dfd2ba9d-eb69-4347-aaf1-f31a003f2c9c,2005-07-23,1242
88fa38d3-3c76-4ef3-bb64-70ff83e7d52e,lectus suspendisse,cf0b4eec-a1f9-4256-ba91-1c2267bbeabc,1996-07-10,968
dde40eec-3f09-450e-ab04-b30fe4b9093b,nec,31f336e5-11e9-4821-ae96-1d8e0c71ebfc,2000-07-12,1328
2f87b314-2aec-4bc6-bfad-f5c1957216bf,congue,0d37ea9d-fc38-427e-9edf-4b8e42f98cf6,2012-12-19,110
75961e2f-2887-48f9-b782-6f2a3651d555,interdum eu tincidunt,aec3003c-9b0d-4a4d-94eb-f4fd9bc8766a,2022-01-13,880
71cf8ed9-2940-4bbb-8388-e362cf1e5b34,nulla elit,7d99c7b2-2a88-4b9b-93a1-450cfecd6710,2006-09-16,1839
a9c3dc07-1aef-489a-8f30-bbb34258f280,vestibulum sed,7d99c7b2-2a88-4b9b-93a1-450cfecd6710,2022-07-17,1183
5daf03a6-cefd-4423-bda5-6d147b982e51,duis bibendum morbi,31f336e5-11e9-4821-ae96-1d8e0c71ebfc,2018-06-17,555
099e0548-ac17-446c-8941-9081b377d6ed,sed justo pellentesque,88e0c951-fa64-41f8-9b0a-b6a22f1bc3f2,2023-04-26,198
79a8eb6d-31de-4045-8bf7-f4afb5d8ccf4,potenti cras in,31f336e5-11e9-4821-ae96-1d8e0c71ebfc,1994-05-26,964
a5e32e45-e8f9-4ae6-9785-23a5eec17857,nulla facilisi cras,88e0c951-fa64-41f8-9b0a-b6a22f1bc3f2,2007-08-07,709
d448a559-bf4f-4a53-81e3-814f5150eb8d,donec posuere,544c33e5-3e3e-4c00-9369-b2cb67948239,1997-05-16,1989
04e1c2de-ce2e-4c86-b140-03548b8ee7f7,in faucibus orci,544c33e5-3e3e-4c00-9369-b2cb67948239,2014-04-22,1879
ac5196b5-35cb-4265-9808-362274f71940,nascetur ridiculus mus etiam,6528ef3f-29a7-45f7-ad06-b8f4d3036f93,2008-01-26,1019
b227cd24-21df-464c-8ad8-1a18fddb2a40,morbi,31f336e5-11e9-4821-ae96-1d8e0c71ebfc,2013-10-25,1320
8c9e5dc0-1347-4809-8cd4-434deac5de23,curabitur at ipsum ac,88e0c951-fa64-41f8-9b0a-b6a22f1bc3f2,1996-06-05,1381
cba5c174-e9db-4279-918a-3c75e4105d60,non lectus aliquam sit,7801d116-9d01-45e6-87d0-3c497cbd5b73,1996-01-23,356
a21284db-76ef-4a2a-8bd7-5c527bc5cfab,justo sit amet sapien,9c89a246-f3f1-4368-830b-11968992d584,2019-11-30,1093
43a1eb5e-81bb-45bf-b415-a6939620ebf8,quam sollicitudin,,1993-04-11,1166
a2ddbc5e-3204-4c49-9e78-1ade840ed814,augue vel accumsan,2de3419f-5500-40ba-a5d9-048c1379a8da,1991-11-29,536
9ba3c7c5-9766-4f6a-b9db-66eca8606c43,quis,,2014-11-13,1581
746fc221-0d92-4b57-875a-bbc5beeeeb07,dapibus at diam,88e0c951-fa64-41f8-9b0a-b6a22f1bc3f2,2013-01-17,775
b43693bb-d67b-463f-82d2-075f72589493,non velit nec nisi,48bae11f-08b3-45c9-b673-e754059e42d8,1991-08-06,724
bec6887e-b56e-41a2-8bf8-b365d4dd9df7,vel est donec,7fcc8e07-1d9b-461c-9206-46e6a452e9a8,2021-09-29,701
d28f1273-dfb6-447b-8b5a-b89382dcbf06,integer pede justo,7fcc8e07-1d9b-461c-9206-46e6a452e9a8,2005-12-14,1292
5ece4f27-a7fe-4395-b2ac-211d3d2b8708,odio justo sollicitudin ut,1b06f6f0-b85a-4d7d-8a73-9ff72cd22655,2004-06-24,698
7b266370-fcf4-460e-ac89-570ed9dbb7a9,odio cras,31f336e5-11e9-4821-ae96-1d8e0c71ebfc,2010-01-24,1059
49eaeae4-64ac-47c1-b324-605ea38cf68b,mauris non ligula,0d37ea9d-fc38-427e-9edf-4b8e42f98cf6,2024-01-24,1339
d7a96e16-ea8b-4de8-b682-dedd4cc0a7d1,vestibulum quam sapien varius,9c410195-5c50-4d83-a332-5da44573952b,2021-05-19,1386
ff28962d-e1e0-4bda-a8c0-6710e18df8f7,a suscipit,cf0b4eec-a1f9-4256-ba91-1c2267bbeabc,2003-11-21,973
1ef53618-575b-4171-87d3-f4a05415e210,etiam justo,284dd46a-6d8a-4d24-90a7-f3ef4e56fa6f,2019-02-14,143
09958683-05ab-4679-96c2-1079249c8ca3,curabitur at ipsum ac,88e0c951-fa64-41f8-9b0a-b6a22f1bc3f2,1994-04-14,184
bb35d72f-9c7f-4ade-ba01-0c26eecaa9e0,pellentesque eget nunc,cf0b4eec-a1f9-4256-ba91-1c2267bbeabc,1993-09-02,910
7dc409f9-e49b-448f-bfb4-61341769b87e,turpis sed ante vivamus,31f336e5-11e9-4821-ae96-1d8e0c71ebfc,1999-07-01,1280
024ed48f-45d0-404e-95ab-228cf6d97fbe,tortor eu pede,0d37ea9d-fc38-427e-9edf-4b8e42f98cf6,2000-03-15,556
8f829271-9aeb-4d1b-b6bc-39f993fbbc85,amet,,1999-12-16,245
d2eb2e25-f3dc-4265-88ec-2bb2c03780d3,ipsum,88e0c951-fa64-41f8-9b0a-b6a22f1bc3f2,1996-03-25,416
b474cab6-9906-42bd-a338-ea2a5e8c6f2e,sapien,9c410195-5c50-4d83-a332-5da44573952b,1997-03-15,1612
ebf97456-bd8d-48ad-ba2e-cd19cbc00bf1,nulla sed,46e9b9c1-6e07-411d-b4d6-be3f80b4c0b0,2002-09-26,436
5ed0ea06-38e0-4003-81b4-c16f325e4d2d,at nulla suspendisse potenti,7d99c7b2-2a88-4b9b-93a1-450cfecd6710,2012-02-26,691
d3d15219-af6e-490e-8831-9e2d6359ae97,augue a,31f336e5-11e9-4821-ae96-1d8e0c71ebfc,2019-12-28,561
3b115e12-cec8-4639-8107-2d89fcf19b5d,rutrum nulla,2de3419f-5500-40ba-a5d9-048c1379a8da,2002-07-12,679
8cf63be1-f817-4f4e-961f-cb600660a52d,duis mattis egestas metus,dfd2ba9d-eb69-4347-aaf1-f31a003f2c9c,2008-12-11,161
f6614392-3317-459a-a510-95a033e5ba4a,cras pellentesque volutpat dui,7d99c7b2-2a88-4b9b-93a1-450cfecd6710,2011-07-04,1724
4e1672aa-1521-4ef8-9e6a-f2ce41e14f9e,lobortis,0377dd7e-3de5-4b8b-a4e8-a299f786cdac,2017-01-05,951
7f078430-b64a-4164-9441-4b450b1b14b5,tincidunt in,31f336e5-11e9-4821-ae96-1d8e0c71ebfc,2018-05-16,737
a02caa3e-9782-4ed2-8b7c-f3ee1116ca15,pharetra magna ac consequat,0377dd7e-3de5-4b8b-a4e8-a299f786cdac,1995-10-02,374
de9504a5-22ae-4d88-97f6-4a5d83538909,in est,48bae11f-08b3-45c9-b673-e754059e42d8,1999-11-26,1775
7cab8078-b108-45ef-957e-e2574a8761b4,sit amet,6528ef3f-29a7-45f7-ad06-b8f4d3036f93,2007-10-04,1462
561d7fd2-4676-49fa-b4fb-77d35c059e1a,eget tincidunt eget tempus,dfd2ba9d-eb69-4347-aaf1-f31a003f2c9c,2014-04-29,1116
8c0bb8b9-41cc-446e-807d-4fed4ddf5228,pellentesque,dfd2ba9d-eb69-4347-aaf1-f31a003f2c9c,2011-05-31,203
0614c767-44fe-4da8-a8fe-b165276196e1,sapien,0d37ea9d-fc38-427e-9edf-4b8e42f98cf6,1998-10-13,1200
7bdacbbf-08c1-41df-b090-83fbdd7d509a,sapien ut nunc,100c39c1-e546-44c9-af30-7f0f9659e057,2019-01-27,1641
bf88f8ea-de84-4d09-b457-40cba40e909a,justo maecenas rhoncus,2de3419f-5500-40ba-a5d9-048c1379a8da,2013-11-21,10
66edc32e-50b2-4e7d-9b83-117c94dfaa8a,blandit,6528ef3f-29a7-45f7-ad06-b8f4d3036f93,2005-04-20,1393
dccf1976-b31f-4d6d-9abc-0b3d5df1b186,sed,284dd46a-6d8a-4d24-90a7-f3ef4e56fa6f,2011-10-25,1122
493b5644-59d5-4025-a731-628f55d27cae,nulla sed accumsan,7d99c7b2-2a88-4b9b-93a1-450cfecd6710,2001-11-23,1853
e98e909b-0eb5-4b94-926a-31c89308967b,nullam varius,2de3419f-5500-40ba-a5d9-048c1379a8da,2015-11-18,291
7797359e-fc77-4d9a-8cf3-854edf5f98b8,lacus at turpis donec,284dd46a-6d8a-4d24-90a7-f3ef4e56fa6f,2010-07-23,267
2a0ec3e7-19b7-40c6-908d-3b913ee5e7b3,ut odio cras,9c89a246-f3f1-4368-830b-11968992d584,2011-03-17,318
9d7a738e-94d2-49ad-8d42-8c5ff18249bb,dapibus,0d37ea9d-fc38-427e-9edf-4b8e42f98cf6,2003-01-15,1931
059f4dbe-0044-430b-a31d-e5b40bbb3ec8,id mauris vulputate elementum,7801d116-9d01-45e6-87d0-3c497cbd5b73,2023-03-29,1546
fba2e5cd-c712-4b47-8a1a-3e55959096b3,in felis eu,7fcc8e07-1d9b-461c-9206-46e6a452e9a8,2009-06-07,1675
e06e8ee3-4c28-482e-a7ef-ff9e8d90d1af,scelerisque quam turpis,48bae11f-08b3-45c9-b673-e754059e42d8,2013-07-19,231
f947ca0f-bace-41d9-a59a-9ca8ef99796b,blandit lacinia erat vestibulum,6528ef3f-29a7-45f7-ad06-b8f4d3036f93,1992-11-01,1924
5e4b765d-4c63-4adb-8f8b-6f4d09e0069a,odio curabitur,7801d116-9d01-45e6-87d0-3c497cbd5b73,2012-02-19,377
f497d43b-894e-4609-be05-643dfeb2ff10,dapibus at,7d99c7b2-2a88-4b9b-93a1-450cfecd6710,2010-06-16,632
0ebcc1eb-7ad7-4cec-bcea-96251c2fc2d7,nec nisi,544c33e5-3e3e-4c00-9369-b2cb67948239,2022-02-06,253
858b2744-6c81-4639-9087-408a9760094e,sit amet nulla quisque,aec3003c-9b0d-4a4d-94eb-f4fd9bc8766a,2019-06-04,47
ebe05544-9fba-4e91-987f-3fa7e43a089b,nisl duis,48bae11f-08b3-45c9-b673-e754059e42d8,1996-08-26,946
393fd6d2-484a-47f8-8751-6c76bc9d2ee4,sit amet eros suspendisse,48bae11f-08b3-45c9-b673-e754059e42d8,2012-07-02,902
07819276-3183-4450-bea1-cd9549de90b9,turpis,6528ef3f-29a7-45f7-ad06-b8f4d3036f93,2000-12-23,392
bc8bf6bb-bced-42f9-a687-3cb8c55892c8,congue etiam,46e9b9c1-6e07-411d-b4d6-be3f80b4c0b0,2017-03-31,592
ee9eb83d-e86c-45fc-9f6a-109c755a62c2,etiam justo etiam,,2022-12-21,1231
f146e8db-8d08-44b7-be30-60502ee3bb71,lectus,6528ef3f-29a7-45f7-ad06-b8f4d3036f93,2016-10-19,1312
4778604d-69c9-476e-a093-5924a73035c3,justo etiam pretium,88e0c951-fa64-41f8-9b0a-b6a22f1bc3f2,2012-08-24,1279
45a42b57-a0c6-4793-815c-35b52dfb1e20,cubilia curae,7fcc8e07-1d9b-461c-9206-46e6a452e9a8,1996-11-04,253
35360631-a9c1-4062-9f9a-707c9635e297,in tempor,dfd2ba9d-eb69-4347-aaf1-f31a003f2c9c,1996-09-27,231
31812cc5-e742-46d3-89be-11cb0cff056d,ut volutpat sapien,7d99c7b2-2a88-4b9b-93a1-450cfecd6710,2021-10-16,1211
8c5a284a-f0e0-426b-9e25-92e9a7c6b1fd,quis,cf0b4eec-a1f9-4256-ba91-1c2267bbeabc,2022-02-02,556
c4ef19db-d3e9-48a1-89c1-3682ab1decfc,aliquam convallis nunc,9c410195-5c50-4d83-a332-5da44573952b,2013-07-01,1607
1a343638-8fe3-4a64-834c-e4500c652979,sed nisl nunc rhoncus,1b06f6f0-b85a-4d7d-8a73-9ff72cd22655,2003-11-16,873
e03088fd-b2f9-4868-b914-ffcc75b104fd,parturient montes,9c89a246-f3f1-4368-830b-11968992d584,2008-11-05,5
772d92c8-1b10-436c-8034-edc6a445b640,proin at turpis,7d99c7b2-2a88-4b9b-93a1-450cfecd6710,2007-05-07,1365
dae1c4a9-1937-4c70-89f2-1554a1fd4596,luctus,31f336e5-11e9-4821-ae96-1d8e0c71ebfc,2010-02-23,123
faaedfdf-b876-4f13-a69d-bd596d4ae61a,vestibulum sit,6528ef3f-29a7-45f7-ad06-b8f4d3036f93,2022-11-26,960
204c632a-28f8-4e7e-9108-37e804368a51,morbi non lectus aliquam,284dd46a-6d8a-4d24-90a7-f3ef4e56fa6f,2014-09-24,270
17dbada7-c03d-4232-b923-934c9b9ef567,duis at,9c89a246-f3f1-4368-830b-11968992d584,2005-12-12,458
da45772a-224e-43c8-9e96-776de079ce83,aenean sit amet,9c89a246-f3f1-4368-830b-11968992d584,2017-05-07,1485
b4e207ac-9793-4585-93f0-f073e4f2f7ea,quisque ut erat curabitur,6528ef3f-29a7-45f7-ad06-b8f4d3036f93,2011-07-03,60
e104a818-fb7d-40ff-b7f7-eb029caa457c,in congue etiam justo,aec3003c-9b0d-4a4d-94eb-f4fd9bc8766a,2003-01-23,1767
931854f7-dc75-4009-9fe0-44735ca7a014,dui,100c39c1-e546-44c9-af30-7f0f9659e057,2015-07-19,656
213a7cc4-003d-4473-a530-77bee5981469,sit amet,,2010-06-22,1513
038c66d1-9e2d-4f1c-ad4d-0b5cee8ab4ca,platea,,1999-08-25,1707
735233c8-bfc6-4a68-9985-d48df198074e,vestibulum sit amet,aec3003c-9b0d-4a4d-94eb-f4fd9bc8766a,1999-11-14,1866
69b7fcb4-fb47-474f-a869-c0f7f5633b59,eget rutrum,0377dd7e-3de5-4b8b-a4e8-a299f786cdac,2004-07-30,397
21098c4a-5fd9-4c62-ae95-248d59d2fb8e,consequat ut,100c39c1-e546-44c9-af30-7f0f9659e057,2008-06-05,1083
f2619e85-478b-4c42-9e70-0bf8e0778cbe,fermentum justo,,1997-05-10,1206
5cbb73b8-67b9-4aff-8a55-510d5a4aea06,in quam fringilla,1b06f6f0-b85a-4d7d-8a73-9ff72cd22655,2016-12-10,1738
fd563766-32da-4e11-bdf0-b80789aaef31,sit amet,88e0c951-fa64-41f8-9b0a-b6a22f1bc3f2,2013-10-15,1069
a0bc225a-8537-44f7-a665-4f315a3d929a,lobortis est phasellus sit,31f336e5-11e9-4821-ae96-1d8e0c71ebfc,2016-04-28,812
53cf221b-e56b-4d80-86fb-bb5681a0d30c,cum sociis natoque penatibus,48bae11f-08b3-45c9-b673-e754059e42d8,1992-03-20,1273
7b0a544b-6b6b-44a5-a3f8-d1fc6e540935,penatibus,31f336e5-11e9-4821-ae96-1d8e0c71ebfc,2010-04-12,583
15005806-c104-4230-bbd8-b840473507b8,mauris morbi non lectus,2de3419f-5500-40ba-a5d9-048c1379a8da,1993-10-05,408
cbed801c-6b0e-43d6-9b35-f1b9b58ff565,curae mauris viverra,9c89a246-f3f1-4368-830b-11968992d584,2010-08-07,1672
676f5d3b-3e74-4aeb-bf8e-119e30c3d8cf,sed,7d99c7b2-2a88-4b9b-93a1-450cfecd6710,2022-08-04,584
c5f572d3-275f-4e83-b81a-51810387a659,proin eu,544c33e5-3e3e-4c00-9369-b2cb67948239,2014-02-08,218
18348462-1bc9-492e-b8eb-97a8349a6cf3,porttitor pede,1b06f6f0-b85a-4d7d-8a73-9ff72cd22655,1997-10-16,175
7c8f7b7b-469b-45c4-9027-0f5567c39859,interdum eu,0d37ea9d-fc38-427e-9edf-4b8e42f98cf6,2016-11-07,7
6e77f8d2-48a1-4404-a642-91f63c7237a2,egestas metus aenean fermentum,7d99c7b2-2a88-4b9b-93a1-450cfecd6710,2013-07-24,931
59aa85b5-611b-4a50-ad16-11c179b3f8f9,sed ante vivamus,2de3419f-5500-40ba-a5d9-048c1379a8da,1995-08-09,874
747000f7-4213-4e6a-9400-1381db46711f,vulputate,6528ef3f-29a7-45f7-ad06-b8f4d3036f93,1998-06-18,847
492b8365-d138-47e3-bddb-e64bbf7881d1,non velit,9c410195-5c50-4d83-a332-5da44573952b,2011-05-17,1750
efa209f3-f456-4ed6-a91b-6f817fd05be8,ipsum aliquam non,7801d116-9d01-45e6-87d0-3c497cbd5b73,1991-02-21,732
16b171eb-07f8-4922-8692-d1864f00f52d,aenean fermentum donec,aec3003c-9b0d-4a4d-94eb-f4fd9bc8766a,2006-05-29,736
515dfbc4-3473-49db-a462-6acc8a8a6e29,ante vestibulum ante,46e9b9c1-6e07-411d-b4d6-be3f80b4c0b0,2005-09-15,261
1d55913b-6746-449c-8a8a-4da25f44262d,convallis nunc,aec3003c-9b0d-4a4d-94eb-f4fd9bc8766a,2002-10-01,1418
1410235f-4319-4d7f-b8d6-31b829234f98,sem sed,dfd2ba9d-eb69-4347-aaf1-f31a003f2c9c,2019-06-23,1470
e3ca2462-38da-4520-a704-9e9648679e5f,magna vulputate luctus cum,48bae11f-08b3-45c9-b673-e754059e42d8,2001-11-09,1566
925d085e-5337-47aa-8640-63e7685cd951,massa volutpat convallis morbi,7d99c7b2-2a88-4b9b-93a1-450cfecd6710,1992-04-28,1260
9d6d7ae1-cfe3-47d7-82f5-7e4f13d3c155,est congue,100c39c1-e546-44c9-af30-7f0f9659e057,2010-07-04,559
a95aae13-9b86-4d18-b5e5-2ec5b8595d4f,felis donec semper,31f336e5-11e9-4821-ae96-1d8e0c71ebfc,2018-06-24,1946
ee517434-e9e6-436c-913a-37146a436845,eleifend,cf0b4eec-a1f9-4256-ba91-1c2267bbeabc,1998-07-05,1945
906915f2-c6ad-4b01-88b0-1dcb2a860a14,ut erat curabitur gravida,0377dd7e-3de5-4b8b-a4e8-a299f786cdac,2004-03-08,1815
d3e98145-5ce1-4646-a04b-b3980a078d65,mi,1b06f6f0-b85a-4d7d-8a73-9ff72cd22655,1992-07-06,579
92ff534b-558f-40e0-b677-3d9acfff2083,sociis natoque penatibus et,9c410195-5c50-4d83-a332-5da44573952b,1992-08-07,1067
5aa67155-3c59-4941-99f1-7b99d8532451,at nulla suspendisse potenti,88e0c951-fa64-41f8-9b0a-b6a22f1bc3f2,2018-09-21,1616
7ccf484f-1ebc-4713-9c3a-436887a24c54,consequat in,2de3419f-5500-40ba-a5d9-048c1379a8da,2003-11-26,947
8c358452-28b3-41b5-811c-eaa5bd53b225,neque libero convallis eget,7d99c7b2-2a88-4b9b-93a1-450cfecd6710,2002-09-02,1427
de14264a-b27a-4884-baf3-12b09706a989,morbi a ipsum integer,1b06f6f0-b85a-4d7d-8a73-9ff72cd22655,2020-06-11,1222
e0208ca1-adcb-405a-aa1f-16478e7e739c,enim blandit mi,48bae11f-08b3-45c9-b673-e754059e42d8,2009-11-26,417
abbbfdfe-3fe8-4298-9f6c-7dfbe206b707,felis donec semper sapien,88e0c951-fa64-41f8-9b0a-b6a22f1bc3f2,2007-05-23,1505
fba0f835-ddd0-4a1f-8482-d25e3d84d8c6,non,,2015-10-10,795
62ffc581-7f87-4d95-8726-6166da59a21a,felis,0377dd7e-3de5-4b8b-a4e8-a299f786cdac,2007-03-04,1549
471ef82e-6c7d-4874-b12f-938085784bb5,augue quam sollicitudin,31f336e5-11e9-4821-ae96-1d8e0c71ebfc,2009-10-18,558
3d0550a6-86d2-4bae-826a-d6d85a22a484,justo,31f336e5-11e9-4821-ae96-1d8e0c71ebfc,2008-05-11,531
bfd0cb3a-4df9-447e-8c24-dd4c9e4ac1a4,purus phasellus in felis,,1998-05-19,583
3ea68238-3b13-44e5-83c3-1d1d3dac5033,nisl ut volutpat,88e0c951-fa64-41f8-9b0a-b6a22f1bc3f2,1991-08-10,983
e4d5cc68-354c-44f7-8ffc-9d700c019bd4,condimentum neque sapien placerat,aec3003c-9b0d-4a4d-94eb-f4fd9bc8766a,2000-02-28,870
e7bdf4a7-7c37-4afd-ad37-43197d435f39,sed augue,48bae11f-08b3-45c9-b673-e754059e42d8,2010-09-25,513
a09a43d4-5d5c-48d4-9210-102a5e27f116,in,9c410195-5c50-4d83-a332-5da44573952b,2017-02-04,1647
1c832688-e1f9-481c-b7ca-927c43589edc,vivamus tortor,0377dd7e-3de5-4b8b-a4e8-a299f786cdac,1991-07-03,971
8abfb7e1-65a0-4cd1-a6bf-e4f857c637f5,tempus vivamus in felis,dfd2ba9d-eb69-4347-aaf1-f31a003f2c9c,2005-10-19,1853
9b638069-0b42-4a9f-9ac7-a39d983e7cee,interdum mauris ullamcorper purus,88e0c951-fa64-41f8-9b0a-b6a22f1bc3f2,2012-02-29,1810
aa0243ea-b6c1-42ae-82b1-d34ac7cab97e,at,100c39c1-e546-44c9-af30-7f0f9659e057,2012-10-11,810
14ee293c-8519-4ced-a3fd-0190b92b00ab,tempus vel,,2019-08-19,787
99898b03-9a1f-4bbf-97e9-c780d3cfba32,imperdiet et,,2005-05-28,477
08efbdda-670f-48de-b233-e262a10b1cf2,nunc proin at,cf0b4eec-a1f9-4256-ba91-1c2267bbeabc,2016-01-10,36
22d45f43-e136-4741-a1b5-5b110226e351,in,,1993-05-16,787
0d1d14c6-76ae-4511-b0f1-fca4a53d17c5,cubilia curae nulla dapibus,544c33e5-3e3e-4c00-9369-b2cb67948239,1994-09-06,57
2cc21e81-c203-4829-8f83-e57dddf20169,lacinia erat vestibulum,48bae11f-08b3-45c9-b673-e754059e42d8,1992-10-18,367
9ab6ff26-e784-415f-be2d-5ef9c915d367,praesent,7fcc8e07-1d9b-461c-9206-46e6a452e9a8,2015-06-19,594
1cbed744-b135-4485-9b97-3c5713aa81ba,aliquam erat volutpat in,6528ef3f-29a7-45f7-ad06-b8f4d3036f93,2022-04-19,564
0746a38f-24ff-4a97-9975-221cb993ba13,libero rutrum ac lobortis,46e9b9c1-6e07-411d-b4d6-be3f80b4c0b0,1991-06-15,420
bdbd9a41-5380-4d5b-8669-0e5f01147588,ut rhoncus aliquet pulvinar,2de3419f-5500-40ba-a5d9-048c1379a8da,2013-12-15,1038
91c17b26-064e-48c3-8d26-bfe921778aec,lobortis sapien,1b06f6f0-b85a-4d7d-8a73-9ff72cd22655,2009-05-10,1726
ddd89b9f-daa9-4ee8-856d-27dda59fb1a2,nulla,31f336e5-11e9-4821-ae96-1d8e0c71ebfc,2009-06-29,1074
ffb973dc-1b86-4a93-a1c4-a765f37118ef,urna,88e0c951-fa64-41f8-9b0a-b6a22f1bc3f2,2012-03-04,1005
81691201-a6a2-4ef8-aa11-6d818601e88d,aliquet,cf0b4eec-a1f9-4256-ba91-1c2267bbeabc,2019-11-13,789
765f33b3-4866-442f-ab2a-0275132f4a79,augue vestibulum rutrum rutrum,284dd46a-6d8a-4d24-90a7-f3ef4e56fa6f,2005-07-27,237
3fc3bb6a-fe64-42fe-b3ec-7f24270affa9,nec,,2007-09-05,1933
568cde7f-fe77-4d0d-9396-bdea2b223ed8,justo,9c410195-5c50-4d83-a332-5da44573952b,2019-08-13,293
670c1bad-0ef5-489c-9388-7b90a9c062e7,turpis a pede,9c89a246-f3f1-4368-830b-11968992d584,2011-04-01,1406
c0174267-1af7-4f4b-9459-a1cc2dd43494,ultrices mattis odio donec,284dd46a-6d8a-4d24-90a7-f3ef4e56fa6f,2001-12-20,1986
c448ae15-85e1-4b99-a0b6-8c3723a6b96f,eleifend,7fcc8e07-1d9b-461c-9206-46e6a452e9a8,2012-05-03,910
c1492ce3-40d2-49fb-9df3-eebbd2a22801,diam in magna,,2007-12-01,733
049d160d-b39c-4aca-a0fd-7a626214b84c,sapien quis libero,31f336e5-11e9-4821-ae96-1d8e0c71ebfc,2007-02-22,1695
8bde025c-eabc-4b1c-b0d6-6e4572325832,quis tortor id,0377dd7e-3de5-4b8b-a4e8-a299f786cdac,1992-02-25,292
587b2172-52ee-46e9-954f-666f4bfba0c2,vivamus tortor duis mattis,544c33e5-3e3e-4c00-9369-b2cb67948239,2004-01-27,1909
7786a5d9-6faa-453c-af44-c9c3a493e459,velit nec nisi vulputate,,2009-08-05,145
2dee644a-2a37-4502-93e5-4c2b123e7595,libero rutrum ac,2de3419f-5500-40ba-a5d9-048c1379a8da,1994-06-27,1417
3c4c6db1-4aed-4ae0-aa2b-0d4d4f9a6cf0,ut,9c89a246-f3f1-4368-830b-11968992d584,2020-02-17,1852
d10ad5ae-2d6c-4476-811b-26ba04092796,nunc vestibulum ante,284dd46a-6d8a-4d24-90a7-f3ef4e56fa6f,1994-09-27,544
3c50b578-e5fc-424e-98a0-06d03c1fa311,magnis,46e9b9c1-6e07-411d-b4d6-be3f80b4c0b0,2015-12-18,1816
a942baa6-b54b-498b-9a18-f62adce2e154,in hac,88e0c951-fa64-41f8-9b0a-b6a22f1bc3f2,1992-01-14,1653
1798bca6-ad0d-459e-9f9b-28d653e6e8d5,dictumst morbi vestibulum,7801d116-9d01-45e6-87d0-3c497cbd5b73,1997-09-16,152
75646d27-9a4d-4fe0-8139-ce1b303acc9c,mus etiam vel,aec3003c-9b0d-4a4d-94eb-f4fd9bc8766a,1999-04-29,787
8b246584-3fbf-4208-a9bc-5186b969821a,sapien a,0377dd7e-3de5-4b8b-a4e8-a299f786cdac,1992-09-02,1419
689c0205-6134-4eaa-9508-192557fbc3b8,ornare imperdiet,7d99c7b2-2a88-4b9b-93a1-450cfecd6710,1999-11-08,553
85069e1d-3a5d-4746-883e-3ad754358d48,rutrum at,544c33e5-3e3e-4c00-9369-b2cb67948239,1995-09-30,217
e3e1c656-3d55-4e8c-b450-994b499f7904,interdum,7d99c7b2-2a88-4b9b-93a1-450cfecd6710,2005-07-03,1677
2c3b2d43-7569-4222-98ea-01123f397527,at dolor,,2023-01-13,960
3c6825c7-0b2a-4c2c-a93d-58b9bda95baf,sapien urna,7801d116-9d01-45e6-87d0-3c497cbd5b73,2013-09-17,1059
947164b0-a5fb-4322-9137-459744f4d55a,felis sed interdum venenatis,88e0c951-fa64-41f8-9b0a-b6a22f1bc3f2,1999-02-07,1688
70cd46a7-b494-4881-8f8d-50c4c083865f,lacinia nisi,0377dd7e-3de5-4b8b-a4e8-a299f786cdac,2006-06-11,234
d5c9a761-fd0d-4e69-be47-343905be8231,vulputate,,2019-11-05,1315
7cbf1c71-12cb-4153-9d8b-8e5998efd093,elementum,1b06f6f0-b85a-4d7d-8a73-9ff72cd22655,2006-04-04,409
e9e83544-3542-4caa-a9c8-1eb19cd6cb92,euismod scelerisque quam,7d99c7b2-2a88-4b9b-93a1-450cfecd6710,2021-09-15,1653
74455037-5e35-4560-afdc-24b923966d66,mauris non,aec3003c-9b0d-4a4d-94eb-f4fd9bc8766a,2020-01-05,553
73414fb2-53d9-495b-886c-a35ddf26178a,proin risus praesent lectus,88e0c951-fa64-41f8-9b0a-b6a22f1bc3f2,1997-11-21,1847
ad176cd1-dfe7-4149-84f9-660c91547778,sapien placerat,2de3419f-5500-40ba-a5d9-048c1379a8da,1992-01-12,353
80408d7a-0e65-47cb-a18f-bc01cad4df3d,adipiscing,544c33e5-3e3e-4c00-9369-b2cb67948239,2013-02-06,1656
db729b76-f091-4ad3-ae5a-d68b18b1e534,urna pretium,88e0c951-fa64-41f8-9b0a-b6a22f1bc3f2,2013-09-06,927
bfee00a5-2c54-480c-8562-dd369f87559d,urna ut,7801d116-9d01-45e6-87d0-3c497cbd5b73,2000-08-01,1138
e2a4e7db-6f29-4542-a618-e1a437917ff2,quis orci,284dd46a-6d8a-4d24-90a7-f3ef4e56fa6f,1992-04-19,92
a557f0be-1439-4072-be10-d5058ff1fd7e,ut,0377dd7e-3de5-4b8b-a4e8-a299f786cdac,2001-07-29,1139
9a4b85e8-5187-46b9-bf19-f7de96115813,lorem ipsum,46e9b9c1-6e07-411d-b4d6-be3f80b4c0b0,2023-12-20,90
293e7a12-ae97-4738-a219-7fd9a7d30d5e,montes nascetur ridiculus,0d37ea9d-fc38-427e-9edf-4b8e42f98cf6,2021-06-02,1005
feca47a5-0289-4cf2-96e8-464e4c8c842c,in felis eu,cf0b4eec-a1f9-4256-ba91-1c2267bbeabc,2000-02-12,188
8e18d247-993c-42ea-9c7c-4b94bdd9087b,sapien placerat ante,,2008-04-21,1306
99f6068c-a8f7-4afc-ae3c-862ae1215bd4,duis,7d99c7b2-2a88-4b9b-93a1-450cfecd6710,2015-08-21,276
e539c694-7b35-4e64-8bbe-add13bace031,sed vestibulum sit amet,7801d116-9d01-45e6-87d0-3c497cbd5b73,1999-01-22,1497
c16cbfde-8eef-4517-9bad-30a1cf25dbaf,proin,7801d116-9d01-45e6-87d0-3c497cbd5b73,2016-09-08,44
a3e7eb8d-e6cd-4fbc-a420-1fd13242b8b6,vehicula consequat morbi a,31f336e5-11e9-4821-ae96-1d8e0c71ebfc,2010-06-22,48
c4089430-b00a-4941-b5f7-acfdfee6d4b8,in tempus sit,cf0b4eec-a1f9-4256-ba91-1c2267bbeabc,2023-07-21,604
ff9e9e60-79ae-4a0c-a044-b4c915cd8599,ac,2de3419f-5500-40ba-a5d9-048c1379a8da,2011-08-03,123
336e3062-74af-4fdc-b553-c59af7b7621e,congue vivamus metus arcu,7801d116-9d01-45e6-87d0-3c497cbd5b73,1996-03-31,1547
9baae45b-05d4-4085-bf62-a19d8ec0d382,ut,0d37ea9d-fc38-427e-9edf-4b8e42f98cf6,1998-06-01,1232
cea7015e-049a-4d0b-bad6-32346756a092,suspendisse potenti nullam porttitor,7d99c7b2-2a88-4b9b-93a1-450cfecd6710,1993-09-07,221
4bf8835e-54f0-406e-add2-63c3696fe4df,aliquet at feugiat non,0d37ea9d-fc38-427e-9edf-4b8e42f98cf6,2005-12-21,415
df7c19b4-aa83-49e0-b180-0b91b442e3ea,non,7801d116-9d01-45e6-87d0-3c497cbd5b73,2019-08-03,1699
10aade08-bcdf-4d3f-81c2-b82c3e7090bb,massa,cf0b4eec-a1f9-4256-ba91-1c2267bbeabc,2001-08-23,1980
2abd8b00-dc5d-44e6-9b1b-7e0b9bb2499d,sit amet turpis elementum,31f336e5-11e9-4821-ae96-1d8e0c71ebfc,2018-01-13,1297
b9e77aba-d248-4953-86ae-35f992d19685,ipsum dolor sit,dfd2ba9d-eb69-4347-aaf1-f31a003f2c9c,1993-03-06,960
e6f50113-703c-4d2d-8a12-894922e63f86,nulla tellus,544c33e5-3e3e-4c00-9369-b2cb67948239,1992-04-18,488
43d1d7f6-dd6e-4819-b06b-a3c98dc4a862,congue risus,46e9b9c1-6e07-411d-b4d6-be3f80b4c0b0,2019-10-10,993
7d538cfa-f53f-481d-a51c-bc8711ec15cc,potenti nullam porttitor lacus,284dd46a-6d8a-4d24-90a7-f3ef4e56fa6f,2011-07-02,655
eeed1efc-e1c7-4110-8cc6-d63ac93758b9,dui luctus,0d37ea9d-fc38-427e-9edf-4b8e42f98cf6,2010-05-24,1429
09fb0455-cbb7-44c2-8f8c-641757388886,pede,9c89a246-f3f1-4368-830b-11968992d584,1999-08-13,454
57ec3e0d-51e1-4fd7-9f25-1657c9528806,dui,7d99c7b2-2a88-4b9b-93a1-450cfecd6710,2012-07-17,1917
66975ce9-f581-4179-974a-2b9e317f865e,vestibulum eget vulputate,100c39c1-e546-44c9-af30-7f0f9659e057,2023-08-06,1670
28ae56ef-8b39-437d-b1b9-3f2f740173d3,platea dictumst etiam,284dd46a-6d8a-4d24-90a7-f3ef4e56fa6f,1993-09-22,1905
61e46ee7-6880-4fc8-bb6c-29ac23fc244a,dapibus augue vel accumsan,,2023-01-23,1093
25ebbdc0-d186-462c-b7c2-55e749413700,in magna bibendum,0377dd7e-3de5-4b8b-a4e8-a299f786cdac,2000-03-30,693
145b88d2-73ac-4fca-8bd6-e850d71e9391,neque sapien placerat,46e9b9c1-6e07-411d-b4d6-be3f80b4c0b0,2011-08-24,1396
de5fd934-8b1d-4de8-9979-d0d11a883c48,congue diam id ornare,9c410195-5c50-4d83-a332-5da44573952b,2021-07-06,244
eb77dd4e-e502-4614-b428-d15ff8b61c1e,congue diam,0d37ea9d-fc38-427e-9edf-4b8e42f98cf6,1992-01-30,1343
08942ded-82d6-4069-a650-52638152e389,interdum mauris non,46e9b9c1-6e07-411d-b4d6-be3f80b4c0b0,2013-09-23,471
83e6a9c5-a27f-4eb0-b14c-2cb766f6dfec,eleifend donec ut,2de3419f-5500-40ba-a5d9-048c1379a8da,2019-12-27,530
88965eaa-ce7b-4698-8b57-e623e2b062e9,hac,6528ef3f-29a7-45f7-ad06-b8f4d3036f93,1994-09-18,1516
a6af762f-a6f1-4c1a-b47e-eb2682e51cc4,vel augue,2de3419f-5500-40ba-a5d9-048c1379a8da,2000-10-12,1154
cba82377-1c8d-4fb3-afb1-97277ecdb09a,etiam pretium iaculis,2de3419f-5500-40ba-a5d9-048c1379a8da,2022-10-12,1765
6bb7876b-6fe0-4288-ac94-479a33fca29a,vestibulum vestibulum ante,48bae11f-08b3-45c9-b673-e754059e42d8,2016-10-13,1970
f912d10c-f69a-484a-b9c8-6828ac9bc1b1,rhoncus aliquet pulvinar,31f336e5-11e9-4821-ae96-1d8e0c71ebfc,1999-02-15,1581
0e5fb90e-bdcc-4883-b404-7a46b40daf88,eu felis fusce posuere,88e0c951-fa64-41f8-9b0a-b6a22f1bc3f2,2014-10-01,1607
0e4f3aae-817f-411b-9005-14680ffd2c18,ut,2de3419f-5500-40ba-a5d9-048c1379a8da,2002-06-30,1475
a7ab5f22-8d24-4eef-a715-09f4d6211ffc,mattis,7fcc8e07-1d9b-461c-9206-46e6a452e9a8,1997-07-10,235
98e73415-922b-4228-8328-cc655df0b6ae,orci,284dd46a-6d8a-4d24-90a7-f3ef4e56fa6f,1993-10-04,395
587e6c6a-f946-4b0d-9f4f-42ba6d15c96b,eget rutrum at,31f336e5-11e9-4821-ae96-1d8e0c71ebfc,2000-10-31,1898
eb8eb97a-1b82-4cd1-b5d7-8619701c39c0,odio,7801d116-9d01-45e6-87d0-3c497cbd5b73,1997-04-17,1564
460724b7-8336-44de-a3b2-ca15555184f4,pretium quis lectus,0d37ea9d-fc38-427e-9edf-4b8e42f98cf6,2008-04-12,1581
758332ec-ea24-42b9-82d7-3f3c0980d8bc,orci luctus et,aec3003c-9b0d-4a4d-94eb-f4fd9bc8766a,2022-08-29,1980
d62c87eb-8b0d-41fe-81ae-ef5384865111,nunc proin,2de3419f-5500-40ba-a5d9-048c1379a8da,1997-09-28,770
da2fe5a4-a055-4e21-8350-421fb4633836,porttitor id consequat in,7d99c7b2-2a88-4b9b-93a1-450cfecd6710,2011-05-31,84
62666d19-3051-439f-90b0-f23091785764,sit amet,1b06f6f0-b85a-4d7d-8a73-9ff72cd22655,2005-09-10,13
fb38933e-7625-45ee-83bf-709f146bbe16,elementum,cf0b4eec-a1f9-4256-ba91-1c2267bbeabc,2023-11-30,1343
f8dfd331-9d15-491f-ba4d-e294aa4b0b5d,sed augue aliquam erat,cf0b4eec-a1f9-4256-ba91-1c2267bbeabc,2018-06-06,1222
bf92d3e5-5009-4b3e-9f3b-eea364eac006,varius ut,88e0c951-fa64-41f8-9b0a-b6a22f1bc3f2,2016-07-21,887
bcfcacea-c967-402f-b9d3-e46336f68ba3,in est risus auctor,2de3419f-5500-40ba-a5d9-048c1379a8da,2019-04-21,1138
7c34d82f-fa60-464c-afd3-1803906764f6,in lectus pellentesque,cf0b4eec-a1f9-4256-ba91-1c2267bbeabc,2005-07-22,1675
010e932c-8863-429d-a0d0-923ffa410e22,pede,31f336e5-11e9-4821-ae96-1d8e0c71ebfc,1998-09-29,1820
10147202-2316-4160-a668-8c0c76236e46,aliquam convallis nunc,48bae11f-08b3-45c9-b673-e754059e42d8,2015-07-31,1641
91ce4f45-fba6-4223-954f-248418d1a7c5,sapien placerat,cf0b4eec-a1f9-4256-ba91-1c2267bbeabc,2007-03-19,1149
502f71f6-ae12-463e-b636-845e17270972,in libero ut,7d99c7b2-2a88-4b9b-93a1-450cfecd6710,2010-09-26,235
a4b80089-e733-4a82-bbd0-c52f37bd94bc,amet lobortis,dfd2ba9d-eb69-4347-aaf1-f31a003f2c9c,1991-08-07,36
eed6440a-7208-41ef-ac0f-f91fff6cf01e,id,2de3419f-5500-40ba-a5d9-048c1379a8da,2023-07-07,1299
76b0509a-f56d-4204-9713-c8dcc3c46dd3,rhoncus aliquet pulvinar sed,46e9b9c1-6e07-411d-b4d6-be3f80b4c0b0,2023-09-02,1687
223b16c0-99a9-4e1f-8910-1d40206096db,cubilia curae nulla dapibus,46e9b9c1-6e07-411d-b4d6-be3f80b4c0b0,2018-12-08,902
3478aaba-2baf-48dd-8ddb-c97c0821a1ad,lectus in est risus,544c33e5-3e3e-4c00-9369-b2cb67948239,2002-08-09,507
6c4f88ee-cb0b-4893-8ee5-a65d427e1543,volutpat eleifend donec ut,544c33e5-3e3e-4c00-9369-b2cb67948239,2012-04-26,1930
021476a9-ec77-47b5-a921-e736f9ffd83b,et,9c89a246-f3f1-4368-830b-11968992d584,2001-12-08,1369
a22c5e58-e160-4302-96e3-8d6763a1a63b,libero convallis eget eleifend,9c89a246-f3f1-4368-830b-11968992d584,2003-12-13,1919
88cf1e0c-a991-41c6-9e55-0fdda383bf4c,ipsum,aec3003c-9b0d-4a4d-94eb-f4fd9bc8766a,1999-09-27,171
6df061c0-b7a1-4c4e-b4a1-425fe45af621,blandit ultrices enim lorem,0d37ea9d-fc38-427e-9edf-4b8e42f98cf6,2006-07-22,812
e4fb9676-4e25-4f02-95f1-14d155cf9e92,libero ut massa,6528ef3f-29a7-45f7-ad06-b8f4d3036f93,2005-12-19,1726
c162cb64-1a8e-4f03-9bd7-c7947c4f11f4,posuere cubilia curae,100c39c1-e546-44c9-af30-7f0f9659e057,2021-11-19,792
39a02308-d00b-424b-80af-84ab9c183e55,pulvinar,6528ef3f-29a7-45f7-ad06-b8f4d3036f93,2007-04-17,1139
98e74744-a075-4593-b45a-f30e314f58cb,mi sit,0377dd7e-3de5-4b8b-a4e8-a299f786cdac,2016-05-09,366
4c8e6dae-288f-43a5-90b5-fffefc26083d,nulla,9c89a246-f3f1-4368-830b-11968992d584,2019-06-21,847
a7575151-580a-4a76-9ae4-7766e289d3da,a ipsum integer,7fcc8e07-1d9b-461c-9206-46e6a452e9a8,1996-12-22,1035
b19fcc6c-b54c-4840-a59c-0a484941db00,diam cras pellentesque,0d37ea9d-fc38-427e-9edf-4b8e42f98cf6,2007-03-12,1864
0ab2c78b-84a7-4afc-8563-efd8df9f451c,rutrum nulla,284dd46a-6d8a-4d24-90a7-f3ef4e56fa6f,2010-04-15,1041
c4aba09f-2320-4e70-a7f9-fd9f0168a124,sapien,,2005-12-18,909
94321fa7-c3e4-4ff4-8728-b792019e569c,est donec odio,0377dd7e-3de5-4b8b-a4e8-a299f786cdac,2021-12-15,412
0a41bce3-5a7a-4f8a-8421-f760991105b1,et tempus semper,100c39c1-e546-44c9-af30-7f0f9659e057,2012-08-17,1663
d4828e24-2099-471c-9f04-f1f36a638caa,non pretium quis,dfd2ba9d-eb69-4347-aaf1-f31a003f2c9c,1991-05-04,486
48e7e3ab-9f00-4cee-a471-154ce7668738,metus sapien ut nunc,88e0c951-fa64-41f8-9b0a-b6a22f1bc3f2,2008-06-16,810
4366ceed-771e-43f0-8fb5-be3bd113211b,sit amet diam in,0377dd7e-3de5-4b8b-a4e8-a299f786cdac,2007-01-25,1805
64337fb8-1dce-4954-9f2e-4fe3aa1eec7c,in purus eu,9c89a246-f3f1-4368-830b-11968992d584,2007-06-21,47
143a75c7-bf62-4679-9203-d751b5b622f2,adipiscing,,2009-03-20,1178
49000d9f-b792-4062-9f8f-4d3d7df03190,rhoncus,46e9b9c1-6e07-411d-b4d6-be3f80b4c0b0,2013-12-16,1038
1d74ae4b-8814-4e9a-b5df-05a43a8d3cc6,accumsan tortor quis,284dd46a-6d8a-4d24-90a7-f3ef4e56fa6f,2015-05-24,1021
9c327e0c-923e-42bc-916a-a95e1697778d,nulla suscipit ligula in,7fcc8e07-1d9b-461c-9206-46e6a452e9a8,2006-07-10,1776
f25152fc-2d56-491f-b1d8-9046c2dbd2b6,vitae,dfd2ba9d-eb69-4347-aaf1-f31a003f2c9c,2008-07-21,123
38e687fa-c2e4-4ed5-be4a-1cecff415f8d,viverra,7d99c7b2-2a88-4b9b-93a1-450cfecd6710,2014-04-02,1037
6f6a4e77-8aa9-49d5-b476-966ccb4f48ac,eget tincidunt eget,9c89a246-f3f1-4368-830b-11968992d584,2020-04-30,856
d39b52f1-1c82-4066-be76-628cbeb0ef2e,cubilia,0d37ea9d-fc38-427e-9edf-4b8e42f98cf6,1991-07-17,258
ce7e7f43-8475-4b61-8922-82c0c618028b,in purus eu,1b06f6f0-b85a-4d7d-8a73-9ff72cd22655,2019-02-23,1475
32b411b5-9ede-4e0b-8b68-5c0a71acf246,natoque,0d37ea9d-fc38-427e-9edf-4b8e42f98cf6,1997-11-22,1294
3d00ef87-d6fc-49eb-b408-8b7f0b3071f4,non pretium quis lectus,dfd2ba9d-eb69-4347-aaf1-f31a003f2c9c,2011-04-05,1873
35a3b1fc-1e30-49f2-91d2-a574d8389e9f,sit amet,1b06f6f0-b85a-4d7d-8a73-9ff72cd22655,2019-02-09,1620
0cc85cf4-f92b-4d56-a2c1-caea2b77429b,cubilia curae mauris viverra,dfd2ba9d-eb69-4347-aaf1-f31a003f2c9c,2016-05-21,1164
df2e58af-4965-4bb2-a8bf-c25d8cf9ec9c,sociis natoque penatibus et,6528ef3f-29a7-45f7-ad06-b8f4d3036f93,1992-07-17,820
93c5a23a-0c85-4031-aa8f-e09d3e2adae1,sit amet,88e0c951-fa64-41f8-9b0a-b6a22f1bc3f2,2016-11-12,1481
6ad3a55d-1988-4180-8d7f-9f52cd88a005,orci vehicula,0d37ea9d-fc38-427e-9edf-4b8e42f98cf6,1997-04-18,1724
7ca64e23-d783-440e-89a0-1a3c5da6f68e,lacinia nisi,100c39c1-e546-44c9-af30-7f0f9659e057,1994-12-06,1719
08e3c3b9-3632-453a-9cba-f8d48a250993,lacus morbi,0d37ea9d-fc38-427e-9edf-4b8e42f98cf6,2001-01-12,1984
d693fd70-79d7-4a75-8065-7e3d1ca9d557,non mi integer ac,9c89a246-f3f1-4368-830b-11968992d584,1995-07-04,579
871f5102-e9a9-4e5c-b248-d73f397542cc,sed,284dd46a-6d8a-4d24-90a7-f3ef4e56fa6f,2004-09-29,939
ba7595b3-b592-45b8-b576-075d1f098916,odio consequat varius,cf0b4eec-a1f9-4256-ba91-1c2267bbeabc,2005-06-11,1954
4436398d-e823-4d9d-af8c-8d1a704c46ac,nulla,9c89a246-f3f1-4368-830b-11968992d584,1995-03-28,581
e8ce57ce-f13a-4cf9-b33c-760418097159,orci nullam molestie nibh,cf0b4eec-a1f9-4256-ba91-1c2267bbeabc,2019-05-13,1876
9375e66f-1d23-48f8-8ede-0d6f8175c383,at,7d99c7b2-2a88-4b9b-93a1-450cfecd6710,1996-10-17,1001
50b6e8bb-c405-4f27-918f-af7a23f36f4e,duis,0d37ea9d-fc38-427e-9edf-4b8e42f98cf6,1996-08-06,1607
8d58f5d8-0647-4898-a60f-c478756cd152,sapien,0d37ea9d-fc38-427e-9edf-4b8e42f98cf6,1992-06-20,1205
33bf6e80-153a-4b6e-b2f3-cdf41e2526bd,phasellus in felis,0377dd7e-3de5-4b8b-a4e8-a299f786cdac,2008-12-18,1785
2a9c806e-86f2-41b5-bde6-dd0342bfa1bc,turpis,dfd2ba9d-eb69-4347-aaf1-f31a003f2c9c,2011-06-21,1545
0030b90c-0ecb-4d06-bc1f-1c3a1cc99d36,et ultrices posuere,9c89a246-f3f1-4368-830b-11968992d584,2008-08-06,688
bdc14e43-1f82-42d8-a66b-b5382917b1a5,non,cf0b4eec-a1f9-4256-ba91-1c2267bbeabc,2017-09-08,247
85ea097b-393b-4bb2-9505-292bb336e79e,non mauris morbi,9c89a246-f3f1-4368-830b-11968992d584,1999-07-12,352
98ab653d-8d65-4099-bcec-285f2d851383,non sodales,100c39c1-e546-44c9-af30-7f0f9659e057,2006-10-10,84
5964ee09-1252-4306-b8e2-d24c91b9347b,morbi vel,48bae11f-08b3-45c9-b673-e754059e42d8,2010-05-03,59
3feab896-ef1d-4948-b746-f5ad11a27af9,sed nisl nunc,7fcc8e07-1d9b-461c-9206-46e6a452e9a8,2012-06-24,1067
d2b016c0-6f08-4baf-9ac1-345bb3970d7c,nisl duis ac,aec3003c-9b0d-4a4d-94eb-f4fd9bc8766a,2018-05-02,332
885485cd-5925-4ae3-be05-1c2693e37bcb,lectus in quam,544c33e5-3e3e-4c00-9369-b2cb67948239,2011-09-24,690
887e607f-4c1d-4d5d-82d3-9ca66029192a,ipsum ac tellus semper,9c89a246-f3f1-4368-830b-11968992d584,1998-11-03,1667
5c52a99f-ded7-451a-a859-5b3e4aa31bb5,ligula suspendisse ornare consequat,dfd2ba9d-eb69-4347-aaf1-f31a003f2c9c,2006-11-25,1045
3a9f363d-c4fe-4802-999a-49e83b32e3f4,amet,7801d116-9d01-45e6-87d0-3c497cbd5b73,2021-10-25,53
7ebbe343-4e51-411c-a32c-0f63adde4bf8,amet,544c33e5-3e3e-4c00-9369-b2cb67948239,2007-11-07,1302
384bfe52-174a-4a44-8ecd-6286cf8761e1,amet,2de3419f-5500-40ba-a5d9-048c1379a8da,1991-11-16,935
09ceb1eb-1825-4498-860a-90ac20cbe991,tincidunt eu felis fusce,7801d116-9d01-45e6-87d0-3c497cbd5b73,1992-04-14,1559
51fe9a55-5d77-4704-97e3-1028c61cd9c0,donec,7d99c7b2-2a88-4b9b-93a1-450cfecd6710,2009-01-06,1126
ae402dc5-53ff-489b-ae49-b9ece47f1528,blandit mi in,46e9b9c1-6e07-411d-b4d6-be3f80b4c0b0,2004-08-27,1564
1989b214-d798-457d-9c8a-3ac97cf30f7a,varius,9c89a246-f3f1-4368-830b-11968992d584,1998-08-06,622
68fcf1ff-cf09-4191-b85a-70f95f905f58,eu interdum eu,7801d116-9d01-45e6-87d0-3c497cbd5b73,2017-10-28,11
8ab24cea-e6c9-48f3-b0d0-c26a9fd1c1dc,penatibus et,7fcc8e07-1d9b-461c-9206-46e6a452e9a8,2013-03-02,1027
2f283d07-53b2-42ee-b9a3-232398c8e71a,massa id nisl,1b06f6f0-b85a-4d7d-8a73-9ff72cd22655,2002-07-23,914
604a9e5a-b3cd-43bb-b9a0-e007350ca9db,nisi volutpat eleifend donec,0d37ea9d-fc38-427e-9edf-4b8e42f98cf6,1999-08-23,735
7e7e7561-b053-4399-93a3-5414dcfc1c65,lacinia erat,7801d116-9d01-45e6-87d0-3c497cbd5b73,2002-06-24,1371
74856630-39ef-4f73-a622-42e71387e707,turpis eget elit,cf0b4eec-a1f9-4256-ba91-1c2267bbeabc,2023-11-04,1327
0fbbfaad-1cff-429d-9085-2c223a78b4e5,ligula sit amet,284dd46a-6d8a-4d24-90a7-f3ef4e56fa6f,2015-11-04,1634
8c8823fb-dad9-4388-b7bb-d06340899b59,odio,48bae11f-08b3-45c9-b673-e754059e42d8,2021-02-11,1953
a7c3293f-7f24-40b4-8001-3de64fd52401,parturient montes nascetur,9c410195-5c50-4d83-a332-5da44573952b,2000-12-09,1502
adfe7e73-cd15-481a-86cf-90bcfe42565e,rhoncus,1b06f6f0-b85a-4d7d-8a73-9ff72cd22655,1995-08-27,198
75b7596d-f5d1-47c7-94bd-04e8ce845105,diam cras pellentesque,cf0b4eec-a1f9-4256-ba91-1c2267bbeabc,2001-11-10,431
a2309280-3ef5-4d70-b480-6a97e9742e80,fusce posuere felis,0d37ea9d-fc38-427e-9edf-4b8e42f98cf6,2012-06-13,1717
14cd948b-265a-47af-a865-37d9f4365db6,etiam faucibus cursus urna,46e9b9c1-6e07-411d-b4d6-be3f80b4c0b0,2002-08-02,1008
6f7ca5da-d6ee-46fa-a2f1-078a45952328,lacus,7fcc8e07-1d9b-461c-9206-46e6a452e9a8,2000-05-18,1016
013bd47a-f13c-4cf1-bba3-269b91c0d4d8,tristique,0377dd7e-3de5-4b8b-a4e8-a299f786cdac,2010-05-01,950
5c924e99-e84a-4fc8-b9a4-f43294b57b48,ipsum aliquam non mauris,0377dd7e-3de5-4b8b-a4e8-a299f786cdac,1993-04-09,1771
b771fc79-c591-49e5-b7b8-e188b4a29bfb,tristique,0377dd7e-3de5-4b8b-a4e8-a299f786cdac,2008-10-24,630
19dc9f3b-bd4c-4960-88ba-90e1c2a1d1b7,enim blandit mi,7801d116-9d01-45e6-87d0-3c497cbd5b73,2004-03-14,268
3801beae-5ad7-4398-84c8-2d42e1dc49d2,at turpis donec posuere,7fcc8e07-1d9b-461c-9206-46e6a452e9a8,1993-03-05,1175
f153751d-b7c7-42b3-aa70-81eca7c66f60,posuere nonummy integer non,6528ef3f-29a7-45f7-ad06-b8f4d3036f93,2008-10-30,1238
8148d157-4c37-4626-8ca8-43ba146536bf,praesent lectus vestibulum quam,88e0c951-fa64-41f8-9b0a-b6a22f1bc3f2,1992-02-05,1941
bc4bd12a-0b61-4778-b076-87ee34d32dbc,suspendisse potenti,2de3419f-5500-40ba-a5d9-048c1379a8da,1997-10-23,1993
2c03f376-cdb8-4d20-b041-550587871689,amet sapien,48bae11f-08b3-45c9-b673-e754059e42d8,2021-10-27,1667
7c0f2a01-157b-4b8e-8176-deeb7602c499,ligula in lacus curabitur,7d99c7b2-2a88-4b9b-93a1-450cfecd6710,2015-06-21,1807
944e95e7-6861-4e56-a7c1-f24f80b764b8,gravida sem,7fcc8e07-1d9b-461c-9206-46e6a452e9a8,2008-09-13,1016
12b5ace8-1852-4e29-a4a2-8c226a5b40ae,cras,6528ef3f-29a7-45f7-ad06-b8f4d3036f93,2012-01-26,1784
bbf5c82a-4510-42e5-8c68-66907eb92c01,sit amet,6528ef3f-29a7-45f7-ad06-b8f4d3036f93,1991-03-04,1520
96fa1475-f367-497d-8c61-8e20c3c3fa94,posuere,2de3419f-5500-40ba-a5d9-048c1379a8da,2023-04-09,1963
e7e9dfa8-2f86-4704-aaa7-2013fd31e557,augue,100c39c1-e546-44c9-af30-7f0f9659e057,2008-03-07,585
7e58440e-60b2-4251-9084-2e7b2b75bafc,curae mauris viverra diam,284dd46a-6d8a-4d24-90a7-f3ef4e56fa6f,2017-11-27,101
1f69a2e9-999c-4a79-852d-0a60d0d4c9ba,nunc proin at,9c410195-5c50-4d83-a332-5da44573952b,2001-03-10,936
a5493ea5-fcb5-4fbd-bb0f-493faedee918,augue vel accumsan tellus,6528ef3f-29a7-45f7-ad06-b8f4d3036f93,2004-09-20,1073
cf517991-b79f-4f0a-8454-c1ffcfb2f90c,dapibus,7fcc8e07-1d9b-461c-9206-46e6a452e9a8,2022-03-14,1423
798c38f4-bfb6-46cc-b742-1c6263686466,pulvinar,0377dd7e-3de5-4b8b-a4e8-a299f786cdac,2009-04-16,81
be8fbd25-1bc7-42a2-bd6c-3d0363bfea94,mattis pulvinar nulla pede,aec3003c-9b0d-4a4d-94eb-f4fd9bc8766a,1995-02-15,1934
151bacdf-777e-4c4e-afb2-275aa911c6e6,at nulla suspendisse potenti,aec3003c-9b0d-4a4d-94eb-f4fd9bc8766a,2019-04-29,546
c92a8266-0a77-4290-acf9-cc92933ab373,fusce,7801d116-9d01-45e6-87d0-3c497cbd5b73,2007-11-23,831
d7fe98b1-c85f-4599-bf66-c12d39093cf1,in libero,0d37ea9d-fc38-427e-9edf-4b8e42f98cf6,2023-11-25,1263
745cc7bf-7cc4-4aa5-9ba6-ccd1d7f7ac9b,malesuada in imperdiet,6528ef3f-29a7-45f7-ad06-b8f4d3036f93,2007-08-18,1456
0707708c-c6df-4b9f-8d8b-4ab40bce0322,et commodo vulputate,6528ef3f-29a7-45f7-ad06-b8f4d3036f93,1997-08-28,513
a1a4336c-89a6-49ba-b6d1-f752aaa98a8a,eget rutrum,9c410195-5c50-4d83-a332-5da44573952b,1991-07-25,180
0fcc0cd2-a769-4b79-bc21-44e4fea68cd8,eget,544c33e5-3e3e-4c00-9369-b2cb67948239,2003-05-09,1818
1fdddc6e-a0b9-47ea-bff7-1dfef51c4f3a,vestibulum,100c39c1-e546-44c9-af30-7f0f9659e057,2018-08-05,64
5c888695-4714-4510-947c-09b5f7336119,metus aenean,0377dd7e-3de5-4b8b-a4e8-a299f786cdac,2015-05-26,901
e45fbe81-a05d-4b50-9b88-ce24cc6a1b55,suspendisse ornare,0377dd7e-3de5-4b8b-a4e8-a299f786cdac,2010-12-23,1009
0ddd5391-d2db-46b7-acd7-0a947fdb8c9b,ipsum primis in,9c89a246-f3f1-4368-830b-11968992d584,2008-06-28,1891
21215500-7b48-4a87-b94f-aac8bc0b1d5e,lorem ipsum,9c89a246-f3f1-4368-830b-11968992d584,1998-04-21,1623
db182e3b-d92f-4f81-9888-15605bbd53c3,aliquam sit,,1993-02-26,456
04420758-f6eb-4a7f-b60c-fd000481fa97,ipsum,7fcc8e07-1d9b-461c-9206-46e6a452e9a8,1991-06-22,1231
259085d7-97bb-4b34-a796-dd53a988418a,et magnis dis parturient,6528ef3f-29a7-45f7-ad06-b8f4d3036f93,2007-12-24,757
b9f2d937-6c72-4955-8b32-5e0321e1fba7,platea dictumst aliquam,544c33e5-3e3e-4c00-9369-b2cb67948239,2014-08-01,1260
92c4a2ce-e2fd-4d37-970c-d8b87a2bce34,tristique tortor eu,cf0b4eec-a1f9-4256-ba91-1c2267bbeabc,2023-08-04,84
0a729a44-ce14-4432-b54b-3ba5409ccc27,curae nulla,7fcc8e07-1d9b-461c-9206-46e6a452e9a8,1998-10-05,478
bbcd7710-2020-47e4-adc0-678a99227551,neque,544c33e5-3e3e-4c00-9369-b2cb67948239,2006-04-06,1679
0b976551-2821-4869-91a6-693d6656c9c5,quis tortor id nulla,100c39c1-e546-44c9-af30-7f0f9659e057,2018-09-18,1066
acd04ecd-d5e7-45bb-b976-1ff9a6852a53,ante ipsum primis,88e0c951-fa64-41f8-9b0a-b6a22f1bc3f2,2020-09-22,1150
a25072a6-11de-4c58-9f92-520b2f64e0d6,libero convallis,88e0c951-fa64-41f8-9b0a-b6a22f1bc3f2,2010-08-07,1354
c71730a9-9edf-4fcb-8cd7-75e65ae73ef0,volutpat sapien,7d99c7b2-2a88-4b9b-93a1-450cfecd6710,1992-04-10,1762
5a4d04d5-2d4d-4d4a-8a64-851ac3efd6fd,ante,dfd2ba9d-eb69-4347-aaf1-f31a003f2c9c,1991-10-12,1369
e92b4845-7a39-4e40-b7ad-9f0baf42b1dc,ante ipsum primis in,46e9b9c1-6e07-411d-b4d6-be3f80b4c0b0,1992-12-28,527
e56a29c6-193a-4a2f-81b3-05b68ef445e3,aliquet maecenas leo odio,46e9b9c1-6e07-411d-b4d6-be3f80b4c0b0,2019-08-19,215
3454e184-7270-4c5a-8d44-862bdfec68ad,quisque erat,284dd46a-6d8a-4d24-90a7-f3ef4e56fa6f,2008-09-11,110
aa7968d2-588c-4075-81b6-321d9d97dd08,sit amet justo morbi,7d99c7b2-2a88-4b9b-93a1-450cfecd6710,2003-05-18,1330
9aea9e69-cc0e-40bf-a784-1f402e692771,dictumst maecenas ut,cf0b4eec-a1f9-4256-ba91-1c2267bbeabc,1998-10-28,1126
bd7dc09d-21a7-43eb-8e26-a839f6a7fecc,felis ut at dolor,1b06f6f0-b85a-4d7d-8a73-9ff72cd22655,2022-05-13,116
13ac19b4-e4f7-498b-9354-fdeea4eb797f,ultrices posuere cubilia,0377dd7e-3de5-4b8b-a4e8-a299f786cdac,2018-12-21,1813
a2f3ba17-c3c2-4cbe-bec9-2dfbe5078551,tincidunt in leo maecenas,dfd2ba9d-eb69-4347-aaf1-f31a003f2c9c,2022-06-17,183
58b541f7-7005-4364-8bd1-ec13763dc880,praesent lectus,46e9b9c1-6e07-411d-b4d6-be3f80b4c0b0,2022-07-08,1163
0800b39d-ed69-4a37-92f8-6b6ddc649268,aenean lectus,100c39c1-e546-44c9-af30-7f0f9659e057,2006-01-17,1808
fe249a9d-ebf9-4192-b882-d7fb0c6305da,adipiscing,31f336e5-11e9-4821-ae96-1d8e0c71ebfc,2011-04-19,945
f37745bc-2a24-4638-acf8-680da128a19b,turpis elementum ligula,aec3003c-9b0d-4a4d-94eb-f4fd9bc8766a,1991-07-20,1661
7dc155b5-1b45-4fff-8308-e49c07f923e7,massa,284dd46a-6d8a-4d24-90a7-f3ef4e56fa6f,1996-08-19,569
a9a436cb-42e5-4cd5-8b53-4ece7587f7f2,elit sodales scelerisque,9c410195-5c50-4d83-a332-5da44573952b,2001-10-09,1205
18dc90ff-2412-41f3-b677-1835233c38d1,amet consectetuer,46e9b9c1-6e07-411d-b4d6-be3f80b4c0b0,2007-07-16,111
d10ccd7e-fde9-4784-87da-1826cfc354a3,maecenas pulvinar lobortis,544c33e5-3e3e-4c00-9369-b2cb67948239,1997-02-07,1632
1b042440-aaf8-4ad6-83ec-07a03024131c,a pede posuere nonummy,100c39c1-e546-44c9-af30-7f0f9659e057,2019-10-10,28
55026d82-1b7b-48e9-9db6-b842676ed4f8,pellentesque at,0d37ea9d-fc38-427e-9edf-4b8e42f98cf6,1994-05-20,1715
c865370e-d70f-4a8b-a97a-992864c3d883,nulla mollis,31f336e5-11e9-4821-ae96-1d8e0c71ebfc,2008-07-24,971
dabe4382-12b2-472d-9db4-900476000e2b,consequat,7d99c7b2-2a88-4b9b-93a1-450cfecd6710,2011-01-17,1879
503c9e1e-091a-4232-9328-0940c937a3c4,dolor vel,31f336e5-11e9-4821-ae96-1d8e0c71ebfc,2005-04-14,356
48d4c65b-a0a9-42e0-8584-d4c54dca8b75,quis turpis eget,48bae11f-08b3-45c9-b673-e754059e42d8,2011-01-21,576
